{
  "id": "2122859",
  "name": "hhh",
  "font_family": "iconfont",
  "css_prefix_text": "icon-",
  "description": "",
  "glyphs": [
    {
      "icon_id": "17511418",
      "name": "message-3-fill",
      "font_class": "message-3-fill",
      "unicode": "e7ee",
      "unicode_decimal": 59374
    },
    {
      "icon_id": "17512329",
      "name": "contacts-fill",
      "font_class": "contacts-fill",
      "unicode": "e875",
      "unicode_decimal": 59509
    },
    {
      "icon_id": "17512348",
      "name": "group-fill",
      "font_class": "group-fill",
      "unicode": "e877",
      "unicode_decimal": 59511
    },
    {
      "icon_id": "17512352",
      "name": "group-line",
      "font_class": "group-line",
      "unicode": "e878",
      "unicode_decimal": 59512
    },
    {
      "icon_id": "17512368",
      "name": "user-3-fill",
      "font_class": "user-3-fill",
      "unicode": "e87a",
      "unicode_decimal": 59514
    },
    {
      "icon_id": "17512369",
      "name": "user-add-fill",
      "font_class": "user-add-fill",
      "unicode": "e87b",
      "unicode_decimal": 59515
    },
    {
      "icon_id": "17512378",
      "name": "user-add-line",
      "font_class": "user-add-line",
      "unicode": "e87c",
      "unicode_decimal": 59516
    },
    {
      "icon_id": "17512402",
      "name": "user-unfollow-fill",
      "font_class": "user-unfollow-fill",
      "unicode": "e87f",
      "unicode_decimal": 59519
    },
    {
      "icon_id": "17511864",
      "name": "settings-4-line",
      "font_class": "settings-4-line",
      "unicode": "e82b",
      "unicode_decimal": 59435
    },
    {
      "icon_id": "17511865",
      "name": "add-box-line",
      "font_class": "add-box-line",
      "unicode": "e82c",
      "unicode_decimal": 59436
    }
  ]
}
